"Country Name","GNI per capita(usd)","Unemployment, total (% of total labor force)","Current health expenditure (% of GDP)","Urban population (% of total population)","School enrollment, secondary (% gross)","Life expectancy at birth, total (years)"
"Africa Eastern and Southern","1467.9497702858","7.9644930935554","5.8655525762134","37.323698839175","43.845378875732","62.454589645386"
"Africa Western and Central","1748.7193208958","4.5240161353976","4.1407134967366","48.454806269918","46.538330078125","56.988656782014"
"Angola","1640","15.799","2.96010613","67.46","52.543769836426","61.643"
"Albania","6100","12.473","7.26731825","62.969","97.665031433105","76.463"
"Arab World","6404.6086046245","10.7832971151","5.3276567977467","59.294886466977","69.929779052734","70.814483021063"
"Argentina","9980","8.736","9.70880699","92.229","116.55944824219","75.39"
"Armenia","4850","10.012","12.34","63.431","97.301559448242","72.043"
"Australia","57240","5.116","10.54363918","86.362","135.52656555176","83.3"
"Austria","53150","6.459","12.1","58.995","102.30766296387","81.190243902439"
"Azerbaijan","4910","6.04","4.7","56.776","91.432289123535","69.366"
"Belgium","51060","6.264","11.04290771","98.117","143.16351318359","81.790243902439"
"Benin","1330","1.694","2.58129549","48.972","46.077041625977","59.821"
"Burkina Faso","830","5.11","6.37691164","31.24","38.28987121582","59.27"
"Bangladesh","2570","5.815","2.36492991","38.946","70.293332856023","72.381"
"Bulgaria","11050","5.267","8.56","76.025","98.708763122559","71.463414634146"
"Bahamas, The","27880","11.694","7.13872051","83.365","62.616661071777","71.598"
"Bosnia and Herzegovina","6910","14.897","9.56","49.425","84.969841003418","75.3"
"Belarus","7040","3.9","6.57","79.91","95.213386535645","72.370682926829"
"Belize","6040","10.157","4.98043823","46.201","88.740310668945","70.47"
"Bolivia","3290","5.089","8.15972805","70.475","91.496109008789","63.63"
"Brazil","7880","13.159","9.89072323","87.317","106.65190124512","72.75"
"Barbados","17140","9.417","8.09043312","31.246","104.71025085449","77.571"
"Brunei Darussalam","30320","4.905","2.20486665","78.554","89.122897689343","74.642"
"Bhutan","3290","4.804","3.84550023","43.008","90.803578815492","71.815"
"Botswana","6900","23.106","6.30929565","71.56","70.01838684082","61.141"
"Canada","48780","7.527","12.3341074","81.653","109.33431243897","81.587073170732"
"Central Europe and the Baltics","17650.214302969","4.4865928128067","7.4420924138162","62.689996470192","101.30696105957","74.797401096225"
"Switzerland","90810","5.097","11.80107975","73.996","103.6051864624","83.751219512195"
"Chile","14760","9.325","9.34327984","87.817","106.67352294922","78.944"
"China","11950","4.55","5.38360548","62.512","89.0414364","78.211"
"Cote d'Ivoire","2490","2.59","3.13269377","52.18","57.281509399414","58.598"
"Cameroon","1590","3.951","3.82407379","58.148","45.02811050415","60.333"
"Congo, Dem. Rep.","560","5.273","3.7859261","46.235","56.8860206604","59.193"
"Colombia","6220","13.898","9.01772404","81.74","102.9879989624","72.83"
"Cabo Verde","3400","13.906","6.90378904","67.102","86.491302490234","74.052"
"Costa Rica","12380","15.139","7.56881428","81.425","141.20271301269","77.023"
"Caribbean small states","11355.215585115","12.395407396109","6.3002256315163","46.658055065352","84.400283813477","70.481791093805"
"Cuba","14557.2","1.373","13.78727818","77.292","99.635223388672","73.683"
"Cyprus","29490","7.513","9.43","66.856","102.49949645996","81.203"
"Czechia","24530","2.803","9.4887867","74.214","102.08994293213","77.221951219512"
"Germany","52050","3.638","12.93412971","77.544","101.20353698731","80.790243902439"
"Dominica","7780","7.87","6.50494003","71.395","87.171417236328","72.814"
"Denmark","69780","5.043","10.82","88.24","131.77201843262","81.40487804878"
"Dominican Republic","8100","7.702","4.91815567","83.213","75.704483032227","72.615"
"East Asia & Pacific (excluding high income)","9340.1436704324","4.1286716338566","5.2597688616192","58.373816693693","89.299133300781","75.543291297684"
"Early-demographic dividend","3636.898950153","6.6595204689426","5.0391698614804","46.270954448875","77.038261413574","68.466040591999"
"East Asia & Pacific","12841.500642323","4.0617788710233","6.7614963755573","61.473330994242","90.477882385254","76.393295018584"
"Europe & Central Asia (excluding high income)","6408.6864877094","8.8371804727331","5.6846376511398","64.030565922593","98.526748657227","72.593125021065"
"Europe & Central Asia","26743.824883577","6.8625822121344","10.528960237506","72.815906931622","103.10228729248","76.666423790179"
"Ecuador","6080","4.552","8.28661728","64.361","95.227783203125","73.67"
"Egypt, Arab Rep.","3520","7.441","4.60955143","42.862","85.592422485352","70.221"
"Euro area","42019.064041517","7.7300669461595","11.321417179971","77.47596425958","108.5054397583","81.594946971716"
"Spain","30090","14.781","10.74003887","81.056","119.11492156982","83.229268292683"
"Estonia","26310","6.178","7.49057293","69.415","113.01091003418","76.943902439024"
"Ethiopia","940","3.935","3.20824432","22.174","89.0414364","64.975"
"European Union","38097.311038731","7.0226081308477","10.950352567957","75.196430715581","107.96602630615","80.316613225976"
"Fragile and conflict affected situations","1796.5778046216","6.7731596081284","5.1647099391367","44.049268294358","47.250900268555","61.253265735449"
"Finland","53210","7.606","10.25","85.596","143.36134338379","81.885365853659"
"Fiji","4490","4.678","5.38085365","57.74","92.154073001009","67.114"
"France","43810","7.874","12.30787277","81.242","104.52284240723","82.324390243902"
"Gabon","6440","21.233","2.70633149","90.423","71.435210548022","65.821"
"United Kingdom","45550","4.826","12.36469936","84.152","113.68382263184","80.7"
"Georgia","4760","11.794","8.42","59.872","105.99961853027","71.694"
"Ghana","2280","3.338","4.15176868","57.985","75.313262939453","63.795"
"Guinea","990","5.767","3.75556707","37.264","35.954939299881","58.892"
"Gambia, The","740","6.206","3.18962693","63.222","101.39124617161","62.083"
"Greece","20010","14.657","9.17298794","80.038","104.77806854248","80.082926829268"
"Guatemala","4930","2.174","6.9008255","52.245","48.322540283203","69.237"
"Guyana","9340","14.927","4.94385052","26.897","85.515991210938","65.673"
"High income","44520.248010119","5.557489786046","13.128055476015","80.729596122625","104.18126678467","78.788398959939"
"Hong Kong SAR, China","54380","5.174","7.3","100","100.19777679443","85.532682926829"
"Honduras","2440","7.94","9.16101742","58.982","54.555130004883","70.123"
"Heavily indebted poor countries (HIPC)","1003.3391026409","5.0027786475053","4.9345335047353","37.515794324626","42.122379302979","62.302785399962"
"Croatia","17650","7.608","8.1","57.878","105.87634277344","76.424390243902"
"Hungary","17740","4.045","7.38","72.245","99.695098876953","74.163414634146"
"IBRD only","6973.9307950217","6.2663580486507","5.72609214308","56.899519058116","88.048278808594","72.141852950095"
"IDA & IBRD total","5490.466752551","6.1259975579744","5.6160014124638","51.905705095634","74.291107177734","69.789967168086"
"IDA total","1460.5432209958","5.6582175777984","4.1112000249539","38.325637185043","48.438980102539","63.400664245651"
"IDA blend","1854.7129194847","6.0350650826573","3.9557357881976","43.616936618752","47.077301025391","60.679592538236"
"Indonesia","4170","3.827","3.70636249","57.29","99.096832282842","67.57"
"IDA only","1265.401638961","5.4865188860963","4.2272219244098","35.702185584441","49.162490844727","64.747785142693"
"India","2180","6.38","3.28","35.393","80.624639692929","67.24"
"Ireland","76270","6.194","6.71662664","63.912","135.25219726562","82.353658536585"
"Iran, Islamic Rep.","3510","9.282","5.77013779","76.345","89.0414364","73.875"
"Iraq","4690","16.173","5.24727583","71.119","89.0414364","70.378"
"Iceland","67000","6.029","9.73","93.944","115.15630340576","83.165853658537"
"Israel","49350","4.812","7.9","92.674","96.92707824707","82.5"
"Italy","36420","9.497","9.38","71.346","101.83486938477","82.646341463415"
"Jamaica","5190","5.188","7.18521214","56.652","87.277641296387","70.5"
"Jordan","4210","19.837","7.28875065","91.626","90.063598632812","74.256"
"Japan","43670","2.828","10.82","91.867","102.15538024902","84.445609756098"
"Kazakhstan","8790","5.556","3.92","57.821","95.73354930076","70.23"
"Kenya","2080","5.693","4.54763126","28.493","89.0414364","61.427"
"Kyrgyz Republic","1280","4.096","5.44","37.146","94.77061158793","71.9"
"Cambodia","1580","0.396","7.53223085","24.668","57.959884686478","69.584"
"Kiribati","3160","7.87","14.81","56.335","86.411552429199","67.417"
"St. Kitts and Nevis","18660","7.87","6.1634655","30.906","121.10801696777","71.682"
"Korea, Rep.","35180","3.639","9.33145523","81.414","98.095153808594","83.526829268293"
"Latin America & Caribbean (excluding high income)","7707.9979476009","9.2388517352354","8.2140732136561","80.958714137567","97.248031616211","71.907356144081"
"Lao PDR","2510","1.997","2.74392009","36.939","59.829070585832","68.061"
"Latin America & Caribbean","8200.4360553754","9.1675571589736","8.3031518256036","81.376957555667","97.276458740234","72.148455067324"
"Least developed countries: UN classification","1141.7841030237","5.8274311808722","4.0135067252228","35.263213497479","46.954460144043","64.210490485769"
"Low income","673.52568077485","5.6543768171897","5.2528792991877","34.044044744893","41.003158569336","62.496109508007"
"Sri Lanka","4020","5.258","4.07","18.86","91.013555971359","76.399"
"Lower middle income","2256.7863797356","6.0513576102337","3.9178140567355","39.921903907433","68.800521850586","66.532812618532"
"Low & middle income","5155.5557588529","6.1479540310899","5.4354793111883","51.114899041725","74.04271697998","69.724084382963"
"Late-demographic dividend","10968.068210079","5.5093141995137","5.9688393141727","64.8809330852","93.293968200684","76.367817225609"
"Lithuania","21850","7.112","7.82","68.249","108.50581359863","74.036585365854"
"Luxembourg","87610","5.247","5.67","91.672","106.48275756836","82.59756097561"
"Latvia","19910","7.513","9.04","68.421","105.81401062012","72.980487804878"
"Macao SAR, China","46530","2.252","7.3","100","88.548080444336","85.399"
"Morocco","3620","10.539","5.73834944","64.065","82.182060241699","74.042"
"Moldova","5270","0.794","7.75","42.998","96.585343038879","68.846"
"Madagascar","490","3.415","3.5045228","39.207","35.145066580434","64.485"
"Middle East & North Africa","7531.4475335401","10.108600541377","5.7632966964841","65.806702530684","78.821159362793","72.745678008424"
"Mexico","9920","4.019","6.07868719","81.016","98.320251464844","70.213"
"Marshall Islands","6520","7.87","12.54863834","78.162","117.97959136963","65.269"
"Middle income","5686.3567827306","6.1977007717513","5.4376276420733","53.138473224402","79.087913513184","70.580621818216"
"North Macedonia","7050","15.801","8.52","58.786","84.161956787109","73.246341463415"
"Malta","30830","3.403","10.58","94.81","103.09445953369","82.507317073171"
"Middle East & North Africa (excluding high income)","3513.977011809","11.705372195115","5.4676195943063","62.202861199159","76.379013061523","71.899875725744"
"Montenegro","9370","16.543","10.55","67.826","93.163841247559","73.824390243902"
"Mongolia","3730","7.747","6.911304","68.785","99.795955867229","70.975"
"Mozambique","490","3.984","9.05218315","37.628","33.628709753407","59.325"
"Malaysia","10740","4.64","4.38380671","77.696","80.270908645973","74.884"
"North America","69010.004104756","5.5929960569415","16.968274857994","82.74998061945","101.91149139404","76.872658270814"
"Nigeria","2160","5.393","4.07625723","52.746","47.237228393555","52.676"
"Netherlands","58170","4.21","11.29","92.572","135.96217346191","81.309756097561"
"Norway","83370","4.369","10.08","83.323","119.81687164307","83.163414634146"
"Nepal","1230","12.315","5.42","21.008","83.516218999017","68.45"
"New Zealand","45520","3.776","10.04858398","86.789","117.5954284668","82.207317073171"
"OECD members","42779.876283222","6.1938013057533","13.353391695167","81.240530850903","106.20845031738","78.666205486382"
"Oman","17960","1.9","4.37028217","87.044","94.287269592285","72.541"
"Other small states","14080.151003498","8.7356119554679","7.3483306432716","58.903308481402","71.24186706543","72.366898701005"
"Pakistan","1470","6.338","2.91131568","37.44","41.855234531602","66.098"
"Panama","14930","10.453","9.68179989","68.775","82.8732284548","76.223"
"Peru","6440","5.097","6.15173197","78.5","98.164810180664","72.377"
"Philippines","3550","3.398","5.87","47.684","87.131517608917","69.266"
"Poland","16910","3.363","6.44","60.075","110.52970123291","75.50243902439"
"Pre-demographic dividend","1393.6767687328","5.8836090057644","4.5527581472301","43.031379651582","43.601978302002","59.87258063232"
"Portugal","23960","6.577","11.14","66.849","118.32466125488","81.378048780488"
"Paraguay","5730","7.311","8.03277016","62.496","84.288009643555","70.262"
"West Bank and Gaza","4270","26.39","7.3","77.003","90.19051361084","73.473"
"Pacific island small states","3801.0455167831","3.6047441565557","6.5633726617854","39.312288467754","73.192710876465","69.163594182843"
"Post-demographic dividend","49746.367439859","5.7957906621728","13.822503499789","81.850579080365","105.29850769043","79.737944905113"
"Qatar","62400","0.14","2.89366841","99.278","97.32642364502","79.272"
"Romania","14190","5.59","6.48","54.329","86.197090148926","72.809756097561"
"Russian Federation","11720","4.715","7.39","74.934","93.34156036377","69.900243902439"
"Rwanda","840","15.793","7.32305002","17.568","44.182079315185","66.072"
"South Asia","2097.7413015728","6.4458971933318","3.265601845896","35.351924992679","73.05265045166","67.579129046382"
"Saudi Arabia","24140","6.621","5.96836901","84.508","103.58701324463","76.936"
"Senegal","1560","3.368","4.35098124","48.6","46.813068389893","67.093"
"Singapore","64970","4.64","5.56525183","100","103.04187774658","83.092682926829"
"Sierra Leone","510","3.516","8.55334282","43.372","70.728126525879","60.062"
"El Salvador","4340","4.327","9.71643353","74.118","66.03547668457","70.748"
"Somalia","580","19.553","7.3","46.731","5.4602244907541","55.28"
"Serbia","8470","10.061","10.0125246","56.651","92.874183654785","72.780487804878"
"Sub-Saharan Africa (excluding high income)","1580.4937187471","6.6968192987539","5.1035037085508","41.8286962799","44.997928619385","60.240637832665"
"Sub-Saharan Africa","1581.6174357467","6.6968192987539","5.1036247516","41.830052868299","45.000591278076","60.241743463186"
"Small states","12287.56984937","8.6822392151496","7.1676725708992","54.364993596356","73.28897857666","71.644498437968"
"Sao Tome and Principe","2210","15.042","7.82528496","75.073","87.415405438661","67.591"
"Suriname","4490","8.459","5.6838975","66.219","65.609848022461","70.274"
"Slovak Republic","20650","6.894","7.75","53.82","91.089912414551","74.614634146341"
"Slovenia","28370","4.747","9.48","55.427","108.17887878418","80.675609756098"
"Sweden","60860","8.722","11.25","88.238","138.68818664551","83.056097560976"
"Seychelles","14950","7.87","5.25937986","57.972","102.95227813721","73.39756097561"
"Syrian Arab Republic","560","14.796","7.3","56.124","38.228900909424","72.063"
"Chad","660","1.511","5.19022274","23.781","24.091859817505","52.525"
"East Asia & Pacific (IDA & IBRD countries)","9444.0084056443","4.1424957877684","5.2599574750967","58.321417787039","89.218879699707","75.57119341209"
"Europe & Central Asia (IDA & IBRD countries)","9472.8488285461","6.7278540306834","6.6155430173802","66.85341972852","97.586479187012","72.012751707603"
"Togo","940","2.285","5.55532026","43.358","64.290901184082","61.619"
"Thailand","7100","1.215","5.16038752","52.163","102.94103046827","78.715"
"Tajikistan","1160","7.253","8.01","27.726","88.205564388036","71.594"
"Turkmenistan","14557.2","4.452","5.56931353","52.998","91.967338562012","69.264"
"Latin America & the Caribbean (IDA & IBRD countries)","8086.6043212926","9.3014576390085","8.305773307449","81.384799502824","97.234008789062","72.077319368986"
"Middle East & North Africa (IDA & IBRD countries)","3505.0160111207","11.541943103678","5.4676195943063","62.02650424878","76.095550537109","71.881130536708"
"Tonga","4970","2.111","6.27256584","23.104","100.28605186245","70.986"
"South Asia (IDA & IBRD)","2097.7413015728","6.4458971933318","3.265601845896","35.351924992679","73.05265045166","67.579129046382"
"Sub-Saharan Africa (IDA & IBRD countries)","1581.6174357467","6.6968192987539","5.1036247516","41.830052868299","45.000591278076","60.241743463186"
"Turkiye","10010","11.969","4.57","76.569","114.14733123779","76.032"
"Tuvalu","6830","7.87","19.96582222","64.785","90.007186889648","64.547"
"Tanzania","1120","2.806","3.36136484","35.954","27.908069610596","66.201"
"Ukraine","4110","9.834","8.01","69.757","84.651626586914","69.647804878049"
"Upper middle income","9341.116709539","6.3161596400082","5.8220111002621","67.231199248229","94.986701965332","74.89401587936"
"Uruguay","16080","9.301","9.3592062","95.603","120.23648834228","75.436"
"United States","71330","5.349","17.3625679","82.873","101.19248962402","76.329268292683"
"Uzbekistan","1980","5.345","7.74","50.427","86.056239523676","70.862"
"St. Vincent and the Grenadines","8490","20.279","5.36252117","53.452","129.43968358603","69.629"
"Viet Nam","3590","2.385","4.59346437","38.052","96.066742849723","73.618"
"Vanuatu","3350","4.734","4.3733778","25.665","57.86408996582","70.449"
"South Africa","6540","28.77","8.27309132","67.847","111.80196380615","62.341"
